[
{
  "model": "auth.user",
  "pk": 1,
  "fields": {
    "password": "pbkdf2_sha256$1200000$jEFmMfoHLjDxhaQ3sigDLq$l0sLLnpENpejT4k+Z256MSaRvRCr16EpWclQG8eTPLc=",
    "last_login": "2026-01-08T13:17:04.531Z",
    "is_superuser": true,
    "username": "george",
    "first_name": "",
    "last_name": "",
    "email": "georgets786@gmail.com",
    "is_staff": true,
    "is_active": true,
    "date_joined": "2025-12-20T13:26:50Z",
    "groups": [
      1
    ],
    "user_permissions": []
  }
},
{
  "model": "auth.user",
  "pk": 2,
  "fields": {
    "password": "pbkdf2_sha256$1200000$mhm2hXHnveUN85tMzSjHW3$GqiDRCVw7cyCVpk6MzhBu3CUjvlUmrvNCZs74SygJVU=",
    "last_login": null,
    "is_superuser": false,
    "username": "george2",
    "first_name": "",
    "last_name": "",
    "email": "george2@test.com",
    "is_staff": false,
    "is_active": true,
    "date_joined": "2025-12-22T14:35:25Z",
    "groups": [
      2
    ],
    "user_permissions": []
  }
},
{
  "model": "auth.user",
  "pk": 3,
  "fields": {
    "password": "pbkdf2_sha256$1200000$p3EcMjphi7TdD3nlL9ELmI$rpP99892XC9YVGc80mzSRsB2ZajOnF16T32zhoTwCZY=",
    "last_login": null,
    "is_superuser": false,
    "username": "George3",
    "first_name": "",
    "last_name": "",
    "email": "",
    "is_staff": false,
    "is_active": true,
    "date_joined": "2026-01-14T01:58:23.564Z",
    "groups": [],
    "user_permissions": []
  }
},
{
  "model": "auth.user",
  "pk": 4,
  "fields": {
    "password": "pbkdf2_sha256$1200000$1Uimn20cRVmxEPRvsr8rXQ$vzqFF+sL4Y2pMq1kCLjHagByg/ImyGaJbgCoZNQGi5U=",
    "last_login": null,
    "is_superuser": false,
    "username": "george4",
    "first_name": "george",
    "last_name": "Ts",
    "email": "gttest@gmail.com",
    "is_staff": false,
    "is_active": true,
    "date_joined": "2026-01-14T14:06:25.163Z",
    "groups": [],
    "user_permissions": []
  }
},
{
  "model": "bookings.service",
  "pk": 2,
  "fields": {
    "name": "vax",
    "description": "get vaxed",
    "duration_minutes": 10,
    "price": "25.00"
  }
},
{
  "model": "bookings.service",
  "pk": 3,
  "fields": {
    "name": "check up",
    "description": "check",
    "duration_minutes": 30,
    "price": "20.00"
  }
},
{
  "model": "bookings.availability",
  "pk": 200,
  "fields": {
    "service": 2,
    "date": "2026-01-13",
    "start_time": "09:00:00",
    "end_time": "09:30:00",
    "is_active": true
  }
},
{
  "model": "bookings.availability",
  "pk": 201,
  "fields": {
    "service": 2,
    "date": "2026-01-13",
    "start_time": "09:30:00",
    "end_time": "10:00:00",
    "is_active": true
  }
},
{
  "model": "bookings.availability",
  "pk": 202,
  "fields": {
    "service": 2,
    "date": "2026-01-13",
    "start_time": "10:00:00",
    "end_time": "10:30:00",
    "is_active": true
  }
},
{
  "model": "bookings.availability",
  "pk": 203,
  "fields": {
    "service": 2,
    "date": "2026-01-13",
    "start_time": "10:30:00",
    "end_time": "11:00:00",
    "is_active": true
  }
},
{
  "model": "bookings.availability",
  "pk": 204,
  "fields": {
    "service": 2,
    "date": "2026-01-13",
    "start_time": "11:00:00",
    "end_time": "11:30:00",
    "is_active": true
  }
},
{
  "model": "bookings.availability",
  "pk": 205,
  "fields": {
    "service": 2,
    "date": "2026-01-13",
    "start_time": "11:30:00",
    "end_time": "12:00:00",
    "is_active": true
  }
},
{
  "model": "bookings.availability",
  "pk": 206,
  "fields": {
    "service": 2,
    "date": "2026-01-13",
    "start_time": "12:00:00",
    "end_time": "12:30:00",
    "is_active": true
  }
},
{
  "model": "bookings.availability",
  "pk": 207,
  "fields": {
    "service": 2,
    "date": "2026-01-13",
    "start_time": "12:30:00",
    "end_time": "13:00:00",
    "is_active": true
  }
},
{
  "model": "bookings.availability",
  "pk": 208,
  "fields": {
    "service": 2,
    "date": "2026-01-13",
    "start_time": "13:00:00",
    "end_time": "13:30:00",
    "is_active": true
  }
},
{
  "model": "bookings.availability",
  "pk": 209,
  "fields": {
    "service": 2,
    "date": "2026-01-13",
    "start_time": "13:30:00",
    "end_time": "14:00:00",
    "is_active": true
  }
},
{
  "model": "bookings.availability",
  "pk": 210,
  "fields": {
    "service": 2,
    "date": "2026-01-13",
    "start_time": "14:00:00",
    "end_time": "14:30:00",
    "is_active": true
  }
},
{
  "model": "bookings.availability",
  "pk": 211,
  "fields": {
    "service": 2,
    "date": "2026-01-13",
    "start_time": "14:30:00",
    "end_time": "15:00:00",
    "is_active": true
  }
},
{
  "model": "bookings.availability",
  "pk": 212,
  "fields": {
    "service": 2,
    "date": "2026-01-13",
    "start_time": "15:00:00",
    "end_time": "15:30:00",
    "is_active": true
  }
},
{
  "model": "bookings.availability",
  "pk": 213,
  "fields": {
    "service": 2,
    "date": "2026-01-13",
    "start_time": "15:30:00",
    "end_time": "16:00:00",
    "is_active": true
  }
},
{
  "model": "bookings.availability",
  "pk": 214,
  "fields": {
    "service": 2,
    "date": "2026-01-13",
    "start_time": "16:00:00",
    "end_time": "16:30:00",
    "is_active": true
  }
},
{
  "model": "bookings.availability",
  "pk": 215,
  "fields": {
    "service": 2,
    "date": "2026-01-13",
    "start_time": "16:30:00",
    "end_time": "17:00:00",
    "is_active": true
  }
},
{
  "model": "bookings.availability",
  "pk": 216,
  "fields": {
    "service": 2,
    "date": "2026-01-14",
    "start_time": "09:00:00",
    "end_time": "09:30:00",
    "is_active": true
  }
},
{
  "model": "bookings.availability",
  "pk": 217,
  "fields": {
    "service": 2,
    "date": "2026-01-14",
    "start_time": "09:30:00",
    "end_time": "10:00:00",
    "is_active": true
  }
},
{
  "model": "bookings.availability",
  "pk": 218,
  "fields": {
    "service": 2,
    "date": "2026-01-14",
    "start_time": "10:00:00",
    "end_time": "10:30:00",
    "is_active": true
  }
},
{
  "model": "bookings.availability",
  "pk": 219,
  "fields": {
    "service": 2,
    "date": "2026-01-14",
    "start_time": "10:30:00",
    "end_time": "11:00:00",
    "is_active": true
  }
},
{
  "model": "bookings.availability",
  "pk": 220,
  "fields": {
    "service": 2,
    "date": "2026-01-14",
    "start_time": "11:00:00",
    "end_time": "11:30:00",
    "is_active": true
  }
},
{
  "model": "bookings.availability",
  "pk": 221,
  "fields": {
    "service": 2,
    "date": "2026-01-14",
    "start_time": "11:30:00",
    "end_time": "12:00:00",
    "is_active": true
  }
},
{
  "model": "bookings.availability",
  "pk": 222,
  "fields": {
    "service": 2,
    "date": "2026-01-14",
    "start_time": "12:00:00",
    "end_time": "12:30:00",
    "is_active": true
  }
},
{
  "model": "bookings.availability",
  "pk": 223,
  "fields": {
    "service": 2,
    "date": "2026-01-14",
    "start_time": "12:30:00",
    "end_time": "13:00:00",
    "is_active": true
  }
},
{
  "model": "bookings.availability",
  "pk": 224,
  "fields": {
    "service": 2,
    "date": "2026-01-14",
    "start_time": "13:00:00",
    "end_time": "13:30:00",
    "is_active": true
  }
},
{
  "model": "bookings.availability",
  "pk": 225,
  "fields": {
    "service": 2,
    "date": "2026-01-14",
    "start_time": "13:30:00",
    "end_time": "14:00:00",
    "is_active": true
  }
},
{
  "model": "bookings.availability",
  "pk": 226,
  "fields": {
    "service": 2,
    "date": "2026-01-14",
    "start_time": "14:00:00",
    "end_time": "14:30:00",
    "is_active": true
  }
},
{
  "model": "bookings.availability",
  "pk": 227,
  "fields": {
    "service": 2,
    "date": "2026-01-14",
    "start_time": "14:30:00",
    "end_time": "15:00:00",
    "is_active": true
  }
},
{
  "model": "bookings.availability",
  "pk": 228,
  "fields": {
    "service": 2,
    "date": "2026-01-14",
    "start_time": "15:00:00",
    "end_time": "15:30:00",
    "is_active": true
  }
},
{
  "model": "bookings.availability",
  "pk": 229,
  "fields": {
    "service": 2,
    "date": "2026-01-14",
    "start_time": "15:30:00",
    "end_time": "16:00:00",
    "is_active": true
  }
},
{
  "model": "bookings.availability",
  "pk": 230,
  "fields": {
    "service": 2,
    "date": "2026-01-14",
    "start_time": "16:00:00",
    "end_time": "16:30:00",
    "is_active": true
  }
},
{
  "model": "bookings.availability",
  "pk": 231,
  "fields": {
    "service": 2,
    "date": "2026-01-14",
    "start_time": "16:30:00",
    "end_time": "17:00:00",
    "is_active": true
  }
},
{
  "model": "bookings.availability",
  "pk": 232,
  "fields": {
    "service": 3,
    "date": "2026-01-14",
    "start_time": "09:00:00",
    "end_time": "09:30:00",
    "is_active": true
  }
},
{
  "model": "bookings.availability",
  "pk": 233,
  "fields": {
    "service": 3,
    "date": "2026-01-14",
    "start_time": "09:30:00",
    "end_time": "10:00:00",
    "is_active": true
  }
},
{
  "model": "bookings.availability",
  "pk": 234,
  "fields": {
    "service": 3,
    "date": "2026-01-14",
    "start_time": "10:00:00",
    "end_time": "10:30:00",
    "is_active": true
  }
},
{
  "model": "bookings.availability",
  "pk": 235,
  "fields": {
    "service": 3,
    "date": "2026-01-14",
    "start_time": "10:30:00",
    "end_time": "11:00:00",
    "is_active": true
  }
},
{
  "model": "bookings.availability",
  "pk": 236,
  "fields": {
    "service": 3,
    "date": "2026-01-14",
    "start_time": "11:00:00",
    "end_time": "11:30:00",
    "is_active": true
  }
},
{
  "model": "bookings.availability",
  "pk": 237,
  "fields": {
    "service": 3,
    "date": "2026-01-14",
    "start_time": "11:30:00",
    "end_time": "12:00:00",
    "is_active": true
  }
},
{
  "model": "bookings.availability",
  "pk": 238,
  "fields": {
    "service": 3,
    "date": "2026-01-14",
    "start_time": "12:00:00",
    "end_time": "12:30:00",
    "is_active": true
  }
},
{
  "model": "bookings.availability",
  "pk": 239,
  "fields": {
    "service": 3,
    "date": "2026-01-14",
    "start_time": "12:30:00",
    "end_time": "13:00:00",
    "is_active": true
  }
},
{
  "model": "bookings.availability",
  "pk": 240,
  "fields": {
    "service": 3,
    "date": "2026-01-14",
    "start_time": "13:00:00",
    "end_time": "13:30:00",
    "is_active": true
  }
},
{
  "model": "bookings.availability",
  "pk": 241,
  "fields": {
    "service": 3,
    "date": "2026-01-14",
    "start_time": "13:30:00",
    "end_time": "14:00:00",
    "is_active": true
  }
},
{
  "model": "bookings.availability",
  "pk": 242,
  "fields": {
    "service": 3,
    "date": "2026-01-14",
    "start_time": "14:00:00",
    "end_time": "14:30:00",
    "is_active": true
  }
},
{
  "model": "bookings.availability",
  "pk": 243,
  "fields": {
    "service": 3,
    "date": "2026-01-14",
    "start_time": "14:30:00",
    "end_time": "15:00:00",
    "is_active": true
  }
},
{
  "model": "bookings.availability",
  "pk": 244,
  "fields": {
    "service": 3,
    "date": "2026-01-14",
    "start_time": "15:00:00",
    "end_time": "15:30:00",
    "is_active": true
  }
},
{
  "model": "bookings.availability",
  "pk": 245,
  "fields": {
    "service": 3,
    "date": "2026-01-14",
    "start_time": "15:30:00",
    "end_time": "16:00:00",
    "is_active": true
  }
},
{
  "model": "bookings.availability",
  "pk": 246,
  "fields": {
    "service": 3,
    "date": "2026-01-14",
    "start_time": "16:00:00",
    "end_time": "16:30:00",
    "is_active": true
  }
},
{
  "model": "bookings.availability",
  "pk": 247,
  "fields": {
    "service": 3,
    "date": "2026-01-14",
    "start_time": "16:30:00",
    "end_time": "17:00:00",
    "is_active": true
  }
},
{
  "model": "bookings.availability",
  "pk": 248,
  "fields": {
    "service": 3,
    "date": "2026-01-13",
    "start_time": "09:00:00",
    "end_time": "09:30:00",
    "is_active": true
  }
},
{
  "model": "bookings.availability",
  "pk": 249,
  "fields": {
    "service": 3,
    "date": "2026-01-13",
    "start_time": "09:30:00",
    "end_time": "10:00:00",
    "is_active": true
  }
},
{
  "model": "bookings.availability",
  "pk": 250,
  "fields": {
    "service": 3,
    "date": "2026-01-13",
    "start_time": "10:00:00",
    "end_time": "10:30:00",
    "is_active": true
  }
},
{
  "model": "bookings.availability",
  "pk": 251,
  "fields": {
    "service": 3,
    "date": "2026-01-13",
    "start_time": "10:30:00",
    "end_time": "11:00:00",
    "is_active": true
  }
},
{
  "model": "bookings.availability",
  "pk": 252,
  "fields": {
    "service": 3,
    "date": "2026-01-13",
    "start_time": "11:00:00",
    "end_time": "11:30:00",
    "is_active": true
  }
},
{
  "model": "bookings.availability",
  "pk": 253,
  "fields": {
    "service": 3,
    "date": "2026-01-13",
    "start_time": "11:30:00",
    "end_time": "12:00:00",
    "is_active": true
  }
},
{
  "model": "bookings.availability",
  "pk": 254,
  "fields": {
    "service": 3,
    "date": "2026-01-13",
    "start_time": "12:00:00",
    "end_time": "12:30:00",
    "is_active": true
  }
},
{
  "model": "bookings.availability",
  "pk": 255,
  "fields": {
    "service": 3,
    "date": "2026-01-13",
    "start_time": "12:30:00",
    "end_time": "13:00:00",
    "is_active": true
  }
},
{
  "model": "bookings.availability",
  "pk": 256,
  "fields": {
    "service": 3,
    "date": "2026-01-13",
    "start_time": "13:00:00",
    "end_time": "13:30:00",
    "is_active": true
  }
},
{
  "model": "bookings.availability",
  "pk": 257,
  "fields": {
    "service": 3,
    "date": "2026-01-13",
    "start_time": "13:30:00",
    "end_time": "14:00:00",
    "is_active": true
  }
},
{
  "model": "bookings.availability",
  "pk": 258,
  "fields": {
    "service": 3,
    "date": "2026-01-13",
    "start_time": "14:00:00",
    "end_time": "14:30:00",
    "is_active": true
  }
},
{
  "model": "bookings.availability",
  "pk": 259,
  "fields": {
    "service": 3,
    "date": "2026-01-13",
    "start_time": "14:30:00",
    "end_time": "15:00:00",
    "is_active": true
  }
},
{
  "model": "bookings.availability",
  "pk": 260,
  "fields": {
    "service": 3,
    "date": "2026-01-13",
    "start_time": "15:00:00",
    "end_time": "15:30:00",
    "is_active": true
  }
},
{
  "model": "bookings.availability",
  "pk": 261,
  "fields": {
    "service": 3,
    "date": "2026-01-13",
    "start_time": "15:30:00",
    "end_time": "16:00:00",
    "is_active": true
  }
},
{
  "model": "bookings.availability",
  "pk": 262,
  "fields": {
    "service": 3,
    "date": "2026-01-13",
    "start_time": "16:00:00",
    "end_time": "16:30:00",
    "is_active": true
  }
},
{
  "model": "bookings.availability",
  "pk": 263,
  "fields": {
    "service": 3,
    "date": "2026-01-13",
    "start_time": "16:30:00",
    "end_time": "17:00:00",
    "is_active": true
  }
},
{
  "model": "bookings.availability",
  "pk": 264,
  "fields": {
    "service": 3,
    "date": "2026-01-15",
    "start_time": "09:00:00",
    "end_time": "09:30:00",
    "is_active": true
  }
},
{
  "model": "bookings.availability",
  "pk": 265,
  "fields": {
    "service": 3,
    "date": "2026-01-15",
    "start_time": "09:30:00",
    "end_time": "10:00:00",
    "is_active": true
  }
},
{
  "model": "bookings.availability",
  "pk": 266,
  "fields": {
    "service": 3,
    "date": "2026-01-15",
    "start_time": "10:00:00",
    "end_time": "10:30:00",
    "is_active": true
  }
},
{
  "model": "bookings.availability",
  "pk": 267,
  "fields": {
    "service": 3,
    "date": "2026-01-15",
    "start_time": "10:30:00",
    "end_time": "11:00:00",
    "is_active": true
  }
},
{
  "model": "bookings.availability",
  "pk": 268,
  "fields": {
    "service": 3,
    "date": "2026-01-15",
    "start_time": "11:00:00",
    "end_time": "11:30:00",
    "is_active": true
  }
},
{
  "model": "bookings.availability",
  "pk": 269,
  "fields": {
    "service": 3,
    "date": "2026-01-15",
    "start_time": "11:30:00",
    "end_time": "12:00:00",
    "is_active": true
  }
},
{
  "model": "bookings.availability",
  "pk": 270,
  "fields": {
    "service": 3,
    "date": "2026-01-15",
    "start_time": "12:00:00",
    "end_time": "12:30:00",
    "is_active": true
  }
},
{
  "model": "bookings.availability",
  "pk": 271,
  "fields": {
    "service": 3,
    "date": "2026-01-15",
    "start_time": "12:30:00",
    "end_time": "13:00:00",
    "is_active": true
  }
},
{
  "model": "bookings.availability",
  "pk": 272,
  "fields": {
    "service": 3,
    "date": "2026-01-15",
    "start_time": "13:00:00",
    "end_time": "13:30:00",
    "is_active": true
  }
},
{
  "model": "bookings.availability",
  "pk": 273,
  "fields": {
    "service": 3,
    "date": "2026-01-15",
    "start_time": "13:30:00",
    "end_time": "14:00:00",
    "is_active": true
  }
},
{
  "model": "bookings.availability",
  "pk": 274,
  "fields": {
    "service": 3,
    "date": "2026-01-15",
    "start_time": "14:00:00",
    "end_time": "14:30:00",
    "is_active": true
  }
},
{
  "model": "bookings.availability",
  "pk": 275,
  "fields": {
    "service": 3,
    "date": "2026-01-15",
    "start_time": "14:30:00",
    "end_time": "15:00:00",
    "is_active": true
  }
},
{
  "model": "bookings.availability",
  "pk": 276,
  "fields": {
    "service": 3,
    "date": "2026-01-15",
    "start_time": "15:00:00",
    "end_time": "15:30:00",
    "is_active": true
  }
},
{
  "model": "bookings.availability",
  "pk": 277,
  "fields": {
    "service": 3,
    "date": "2026-01-15",
    "start_time": "15:30:00",
    "end_time": "16:00:00",
    "is_active": true
  }
},
{
  "model": "bookings.availability",
  "pk": 278,
  "fields": {
    "service": 3,
    "date": "2026-01-15",
    "start_time": "16:00:00",
    "end_time": "16:30:00",
    "is_active": true
  }
},
{
  "model": "bookings.availability",
  "pk": 279,
  "fields": {
    "service": 3,
    "date": "2026-01-15",
    "start_time": "16:30:00",
    "end_time": "17:00:00",
    "is_active": true
  }
},
{
  "model": "bookings.availability",
  "pk": 280,
  "fields": {
    "service": 2,
    "date": "2026-01-15",
    "start_time": "09:00:00",
    "end_time": "09:30:00",
    "is_active": true
  }
},
{
  "model": "bookings.availability",
  "pk": 281,
  "fields": {
    "service": 2,
    "date": "2026-01-15",
    "start_time": "09:30:00",
    "end_time": "10:00:00",
    "is_active": true
  }
},
{
  "model": "bookings.availability",
  "pk": 282,
  "fields": {
    "service": 2,
    "date": "2026-01-15",
    "start_time": "10:00:00",
    "end_time": "10:30:00",
    "is_active": true
  }
},
{
  "model": "bookings.availability",
  "pk": 283,
  "fields": {
    "service": 2,
    "date": "2026-01-15",
    "start_time": "10:30:00",
    "end_time": "11:00:00",
    "is_active": true
  }
},
{
  "model": "bookings.availability",
  "pk": 284,
  "fields": {
    "service": 2,
    "date": "2026-01-15",
    "start_time": "11:00:00",
    "end_time": "11:30:00",
    "is_active": true
  }
},
{
  "model": "bookings.availability",
  "pk": 285,
  "fields": {
    "service": 2,
    "date": "2026-01-15",
    "start_time": "11:30:00",
    "end_time": "12:00:00",
    "is_active": true
  }
},
{
  "model": "bookings.availability",
  "pk": 286,
  "fields": {
    "service": 2,
    "date": "2026-01-15",
    "start_time": "12:00:00",
    "end_time": "12:30:00",
    "is_active": true
  }
},
{
  "model": "bookings.availability",
  "pk": 287,
  "fields": {
    "service": 2,
    "date": "2026-01-15",
    "start_time": "12:30:00",
    "end_time": "13:00:00",
    "is_active": true
  }
},
{
  "model": "bookings.availability",
  "pk": 288,
  "fields": {
    "service": 2,
    "date": "2026-01-15",
    "start_time": "13:00:00",
    "end_time": "13:30:00",
    "is_active": true
  }
},
{
  "model": "bookings.availability",
  "pk": 289,
  "fields": {
    "service": 2,
    "date": "2026-01-15",
    "start_time": "13:30:00",
    "end_time": "14:00:00",
    "is_active": true
  }
},
{
  "model": "bookings.availability",
  "pk": 290,
  "fields": {
    "service": 2,
    "date": "2026-01-15",
    "start_time": "14:00:00",
    "end_time": "14:30:00",
    "is_active": true
  }
},
{
  "model": "bookings.availability",
  "pk": 291,
  "fields": {
    "service": 2,
    "date": "2026-01-15",
    "start_time": "14:30:00",
    "end_time": "15:00:00",
    "is_active": true
  }
},
{
  "model": "bookings.availability",
  "pk": 292,
  "fields": {
    "service": 2,
    "date": "2026-01-15",
    "start_time": "15:00:00",
    "end_time": "15:30:00",
    "is_active": true
  }
},
{
  "model": "bookings.availability",
  "pk": 293,
  "fields": {
    "service": 2,
    "date": "2026-01-15",
    "start_time": "15:30:00",
    "end_time": "16:00:00",
    "is_active": true
  }
},
{
  "model": "bookings.availability",
  "pk": 294,
  "fields": {
    "service": 2,
    "date": "2026-01-15",
    "start_time": "16:00:00",
    "end_time": "16:30:00",
    "is_active": true
  }
},
{
  "model": "bookings.availability",
  "pk": 295,
  "fields": {
    "service": 2,
    "date": "2026-01-15",
    "start_time": "16:30:00",
    "end_time": "17:00:00",
    "is_active": true
  }
},
{
  "model": "bookings.availability",
  "pk": 296,
  "fields": {
    "service": 3,
    "date": "2026-01-16",
    "start_time": "09:00:00",
    "end_time": "09:30:00",
    "is_active": true
  }
},
{
  "model": "bookings.availability",
  "pk": 297,
  "fields": {
    "service": 3,
    "date": "2026-01-16",
    "start_time": "09:30:00",
    "end_time": "10:00:00",
    "is_active": true
  }
},
{
  "model": "bookings.availability",
  "pk": 298,
  "fields": {
    "service": 3,
    "date": "2026-01-16",
    "start_time": "10:00:00",
    "end_time": "10:30:00",
    "is_active": true
  }
},
{
  "model": "bookings.availability",
  "pk": 299,
  "fields": {
    "service": 3,
    "date": "2026-01-16",
    "start_time": "10:30:00",
    "end_time": "11:00:00",
    "is_active": true
  }
},
{
  "model": "bookings.availability",
  "pk": 300,
  "fields": {
    "service": 3,
    "date": "2026-01-16",
    "start_time": "11:00:00",
    "end_time": "11:30:00",
    "is_active": true
  }
},
{
  "model": "bookings.availability",
  "pk": 301,
  "fields": {
    "service": 3,
    "date": "2026-01-16",
    "start_time": "11:30:00",
    "end_time": "12:00:00",
    "is_active": true
  }
},
{
  "model": "bookings.availability",
  "pk": 302,
  "fields": {
    "service": 3,
    "date": "2026-01-16",
    "start_time": "12:00:00",
    "end_time": "12:30:00",
    "is_active": true
  }
},
{
  "model": "bookings.availability",
  "pk": 303,
  "fields": {
    "service": 3,
    "date": "2026-01-16",
    "start_time": "12:30:00",
    "end_time": "13:00:00",
    "is_active": true
  }
},
{
  "model": "bookings.availability",
  "pk": 304,
  "fields": {
    "service": 3,
    "date": "2026-01-16",
    "start_time": "13:00:00",
    "end_time": "13:30:00",
    "is_active": true
  }
},
{
  "model": "bookings.availability",
  "pk": 305,
  "fields": {
    "service": 3,
    "date": "2026-01-16",
    "start_time": "13:30:00",
    "end_time": "14:00:00",
    "is_active": true
  }
},
{
  "model": "bookings.availability",
  "pk": 306,
  "fields": {
    "service": 3,
    "date": "2026-01-16",
    "start_time": "14:00:00",
    "end_time": "14:30:00",
    "is_active": true
  }
},
{
  "model": "bookings.availability",
  "pk": 307,
  "fields": {
    "service": 3,
    "date": "2026-01-16",
    "start_time": "14:30:00",
    "end_time": "15:00:00",
    "is_active": true
  }
},
{
  "model": "bookings.availability",
  "pk": 308,
  "fields": {
    "service": 3,
    "date": "2026-01-16",
    "start_time": "15:00:00",
    "end_time": "15:30:00",
    "is_active": true
  }
},
{
  "model": "bookings.availability",
  "pk": 309,
  "fields": {
    "service": 3,
    "date": "2026-01-16",
    "start_time": "15:30:00",
    "end_time": "16:00:00",
    "is_active": true
  }
},
{
  "model": "bookings.availability",
  "pk": 310,
  "fields": {
    "service": 3,
    "date": "2026-01-16",
    "start_time": "16:00:00",
    "end_time": "16:30:00",
    "is_active": true
  }
},
{
  "model": "bookings.availability",
  "pk": 311,
  "fields": {
    "service": 3,
    "date": "2026-01-16",
    "start_time": "16:30:00",
    "end_time": "17:00:00",
    "is_active": true
  }
},
{
  "model": "bookings.availability",
  "pk": 312,
  "fields": {
    "service": 2,
    "date": "2026-01-16",
    "start_time": "09:00:00",
    "end_time": "09:30:00",
    "is_active": true
  }
},
{
  "model": "bookings.availability",
  "pk": 313,
  "fields": {
    "service": 2,
    "date": "2026-01-16",
    "start_time": "09:30:00",
    "end_time": "10:00:00",
    "is_active": true
  }
},
{
  "model": "bookings.availability",
  "pk": 314,
  "fields": {
    "service": 2,
    "date": "2026-01-16",
    "start_time": "10:00:00",
    "end_time": "10:30:00",
    "is_active": true
  }
},
{
  "model": "bookings.availability",
  "pk": 315,
  "fields": {
    "service": 2,
    "date": "2026-01-16",
    "start_time": "10:30:00",
    "end_time": "11:00:00",
    "is_active": true
  }
},
{
  "model": "bookings.availability",
  "pk": 316,
  "fields": {
    "service": 2,
    "date": "2026-01-16",
    "start_time": "11:00:00",
    "end_time": "11:30:00",
    "is_active": true
  }
},
{
  "model": "bookings.availability",
  "pk": 317,
  "fields": {
    "service": 2,
    "date": "2026-01-16",
    "start_time": "11:30:00",
    "end_time": "12:00:00",
    "is_active": true
  }
},
{
  "model": "bookings.availability",
  "pk": 318,
  "fields": {
    "service": 2,
    "date": "2026-01-16",
    "start_time": "12:00:00",
    "end_time": "12:30:00",
    "is_active": true
  }
},
{
  "model": "bookings.availability",
  "pk": 319,
  "fields": {
    "service": 2,
    "date": "2026-01-16",
    "start_time": "12:30:00",
    "end_time": "13:00:00",
    "is_active": true
  }
},
{
  "model": "bookings.availability",
  "pk": 320,
  "fields": {
    "service": 2,
    "date": "2026-01-16",
    "start_time": "13:00:00",
    "end_time": "13:30:00",
    "is_active": true
  }
},
{
  "model": "bookings.availability",
  "pk": 321,
  "fields": {
    "service": 2,
    "date": "2026-01-16",
    "start_time": "13:30:00",
    "end_time": "14:00:00",
    "is_active": true
  }
},
{
  "model": "bookings.availability",
  "pk": 322,
  "fields": {
    "service": 2,
    "date": "2026-01-16",
    "start_time": "14:00:00",
    "end_time": "14:30:00",
    "is_active": true
  }
},
{
  "model": "bookings.availability",
  "pk": 323,
  "fields": {
    "service": 2,
    "date": "2026-01-16",
    "start_time": "14:30:00",
    "end_time": "15:00:00",
    "is_active": true
  }
},
{
  "model": "bookings.availability",
  "pk": 324,
  "fields": {
    "service": 2,
    "date": "2026-01-16",
    "start_time": "15:00:00",
    "end_time": "15:30:00",
    "is_active": true
  }
},
{
  "model": "bookings.availability",
  "pk": 325,
  "fields": {
    "service": 2,
    "date": "2026-01-16",
    "start_time": "15:30:00",
    "end_time": "16:00:00",
    "is_active": true
  }
},
{
  "model": "bookings.availability",
  "pk": 326,
  "fields": {
    "service": 2,
    "date": "2026-01-16",
    "start_time": "16:00:00",
    "end_time": "16:30:00",
    "is_active": true
  }
},
{
  "model": "bookings.availability",
  "pk": 327,
  "fields": {
    "service": 2,
    "date": "2026-01-16",
    "start_time": "16:30:00",
    "end_time": "17:00:00",
    "is_active": true
  }
},
{
  "model": "bookings.availability",
  "pk": 328,
  "fields": {
    "service": 3,
    "date": "2026-01-17",
    "start_time": "09:00:00",
    "end_time": "09:30:00",
    "is_active": true
  }
},
{
  "model": "bookings.availability",
  "pk": 329,
  "fields": {
    "service": 3,
    "date": "2026-01-17",
    "start_time": "09:30:00",
    "end_time": "10:00:00",
    "is_active": true
  }
},
{
  "model": "bookings.availability",
  "pk": 330,
  "fields": {
    "service": 3,
    "date": "2026-01-17",
    "start_time": "10:00:00",
    "end_time": "10:30:00",
    "is_active": true
  }
},
{
  "model": "bookings.availability",
  "pk": 331,
  "fields": {
    "service": 3,
    "date": "2026-01-17",
    "start_time": "10:30:00",
    "end_time": "11:00:00",
    "is_active": true
  }
},
{
  "model": "bookings.availability",
  "pk": 332,
  "fields": {
    "service": 3,
    "date": "2026-01-17",
    "start_time": "11:00:00",
    "end_time": "11:30:00",
    "is_active": true
  }
},
{
  "model": "bookings.availability",
  "pk": 333,
  "fields": {
    "service": 3,
    "date": "2026-01-17",
    "start_time": "11:30:00",
    "end_time": "12:00:00",
    "is_active": true
  }
},
{
  "model": "bookings.availability",
  "pk": 334,
  "fields": {
    "service": 3,
    "date": "2026-01-17",
    "start_time": "12:00:00",
    "end_time": "12:30:00",
    "is_active": true
  }
},
{
  "model": "bookings.availability",
  "pk": 335,
  "fields": {
    "service": 3,
    "date": "2026-01-17",
    "start_time": "12:30:00",
    "end_time": "13:00:00",
    "is_active": true
  }
},
{
  "model": "bookings.availability",
  "pk": 336,
  "fields": {
    "service": 3,
    "date": "2026-01-17",
    "start_time": "13:00:00",
    "end_time": "13:30:00",
    "is_active": true
  }
},
{
  "model": "bookings.availability",
  "pk": 337,
  "fields": {
    "service": 3,
    "date": "2026-01-17",
    "start_time": "13:30:00",
    "end_time": "14:00:00",
    "is_active": true
  }
},
{
  "model": "bookings.availability",
  "pk": 338,
  "fields": {
    "service": 3,
    "date": "2026-01-17",
    "start_time": "14:00:00",
    "end_time": "14:30:00",
    "is_active": true
  }
},
{
  "model": "bookings.availability",
  "pk": 339,
  "fields": {
    "service": 3,
    "date": "2026-01-17",
    "start_time": "14:30:00",
    "end_time": "15:00:00",
    "is_active": true
  }
},
{
  "model": "bookings.availability",
  "pk": 340,
  "fields": {
    "service": 3,
    "date": "2026-01-17",
    "start_time": "15:00:00",
    "end_time": "15:30:00",
    "is_active": true
  }
},
{
  "model": "bookings.availability",
  "pk": 341,
  "fields": {
    "service": 3,
    "date": "2026-01-17",
    "start_time": "15:30:00",
    "end_time": "16:00:00",
    "is_active": true
  }
},
{
  "model": "bookings.availability",
  "pk": 342,
  "fields": {
    "service": 3,
    "date": "2026-01-17",
    "start_time": "16:00:00",
    "end_time": "16:30:00",
    "is_active": true
  }
},
{
  "model": "bookings.availability",
  "pk": 343,
  "fields": {
    "service": 3,
    "date": "2026-01-17",
    "start_time": "16:30:00",
    "end_time": "17:00:00",
    "is_active": true
  }
},
{
  "model": "bookings.availability",
  "pk": 344,
  "fields": {
    "service": 2,
    "date": "2026-01-17",
    "start_time": "09:00:00",
    "end_time": "09:30:00",
    "is_active": true
  }
},
{
  "model": "bookings.availability",
  "pk": 345,
  "fields": {
    "service": 2,
    "date": "2026-01-17",
    "start_time": "09:30:00",
    "end_time": "10:00:00",
    "is_active": true
  }
},
{
  "model": "bookings.availability",
  "pk": 346,
  "fields": {
    "service": 2,
    "date": "2026-01-17",
    "start_time": "10:00:00",
    "end_time": "10:30:00",
    "is_active": true
  }
},
{
  "model": "bookings.availability",
  "pk": 347,
  "fields": {
    "service": 2,
    "date": "2026-01-17",
    "start_time": "10:30:00",
    "end_time": "11:00:00",
    "is_active": true
  }
},
{
  "model": "bookings.availability",
  "pk": 348,
  "fields": {
    "service": 2,
    "date": "2026-01-17",
    "start_time": "11:00:00",
    "end_time": "11:30:00",
    "is_active": true
  }
},
{
  "model": "bookings.availability",
  "pk": 349,
  "fields": {
    "service": 2,
    "date": "2026-01-17",
    "start_time": "11:30:00",
    "end_time": "12:00:00",
    "is_active": true
  }
},
{
  "model": "bookings.availability",
  "pk": 350,
  "fields": {
    "service": 2,
    "date": "2026-01-17",
    "start_time": "12:00:00",
    "end_time": "12:30:00",
    "is_active": true
  }
},
{
  "model": "bookings.availability",
  "pk": 351,
  "fields": {
    "service": 2,
    "date": "2026-01-17",
    "start_time": "12:30:00",
    "end_time": "13:00:00",
    "is_active": true
  }
},
{
  "model": "bookings.availability",
  "pk": 352,
  "fields": {
    "service": 2,
    "date": "2026-01-17",
    "start_time": "13:00:00",
    "end_time": "13:30:00",
    "is_active": true
  }
},
{
  "model": "bookings.availability",
  "pk": 353,
  "fields": {
    "service": 2,
    "date": "2026-01-17",
    "start_time": "13:30:00",
    "end_time": "14:00:00",
    "is_active": true
  }
},
{
  "model": "bookings.availability",
  "pk": 354,
  "fields": {
    "service": 2,
    "date": "2026-01-17",
    "start_time": "14:00:00",
    "end_time": "14:30:00",
    "is_active": true
  }
},
{
  "model": "bookings.availability",
  "pk": 355,
  "fields": {
    "service": 2,
    "date": "2026-01-17",
    "start_time": "14:30:00",
    "end_time": "15:00:00",
    "is_active": true
  }
},
{
  "model": "bookings.availability",
  "pk": 356,
  "fields": {
    "service": 2,
    "date": "2026-01-17",
    "start_time": "15:00:00",
    "end_time": "15:30:00",
    "is_active": true
  }
},
{
  "model": "bookings.availability",
  "pk": 357,
  "fields": {
    "service": 2,
    "date": "2026-01-17",
    "start_time": "15:30:00",
    "end_time": "16:00:00",
    "is_active": true
  }
},
{
  "model": "bookings.availability",
  "pk": 358,
  "fields": {
    "service": 2,
    "date": "2026-01-17",
    "start_time": "16:00:00",
    "end_time": "16:30:00",
    "is_active": true
  }
},
{
  "model": "bookings.availability",
  "pk": 359,
  "fields": {
    "service": 2,
    "date": "2026-01-17",
    "start_time": "16:30:00",
    "end_time": "17:00:00",
    "is_active": true
  }
},
{
  "model": "bookings.availability",
  "pk": 360,
  "fields": {
    "service": 2,
    "date": "2026-01-24",
    "start_time": "09:00:00",
    "end_time": "09:30:00",
    "is_active": true
  }
},
{
  "model": "bookings.availability",
  "pk": 361,
  "fields": {
    "service": 2,
    "date": "2026-01-24",
    "start_time": "09:30:00",
    "end_time": "10:00:00",
    "is_active": true
  }
},
{
  "model": "bookings.availability",
  "pk": 362,
  "fields": {
    "service": 2,
    "date": "2026-01-24",
    "start_time": "10:00:00",
    "end_time": "10:30:00",
    "is_active": true
  }
},
{
  "model": "bookings.availability",
  "pk": 363,
  "fields": {
    "service": 2,
    "date": "2026-01-24",
    "start_time": "10:30:00",
    "end_time": "11:00:00",
    "is_active": true
  }
},
{
  "model": "bookings.availability",
  "pk": 364,
  "fields": {
    "service": 2,
    "date": "2026-01-24",
    "start_time": "11:00:00",
    "end_time": "11:30:00",
    "is_active": true
  }
},
{
  "model": "bookings.availability",
  "pk": 365,
  "fields": {
    "service": 2,
    "date": "2026-01-24",
    "start_time": "11:30:00",
    "end_time": "12:00:00",
    "is_active": true
  }
},
{
  "model": "bookings.availability",
  "pk": 366,
  "fields": {
    "service": 2,
    "date": "2026-01-24",
    "start_time": "12:00:00",
    "end_time": "12:30:00",
    "is_active": true
  }
},
{
  "model": "bookings.availability",
  "pk": 367,
  "fields": {
    "service": 2,
    "date": "2026-01-24",
    "start_time": "12:30:00",
    "end_time": "13:00:00",
    "is_active": true
  }
},
{
  "model": "bookings.availability",
  "pk": 368,
  "fields": {
    "service": 2,
    "date": "2026-01-24",
    "start_time": "13:00:00",
    "end_time": "13:30:00",
    "is_active": true
  }
},
{
  "model": "bookings.availability",
  "pk": 369,
  "fields": {
    "service": 2,
    "date": "2026-01-24",
    "start_time": "13:30:00",
    "end_time": "14:00:00",
    "is_active": true
  }
},
{
  "model": "bookings.availability",
  "pk": 370,
  "fields": {
    "service": 2,
    "date": "2026-01-24",
    "start_time": "14:00:00",
    "end_time": "14:30:00",
    "is_active": true
  }
},
{
  "model": "bookings.availability",
  "pk": 371,
  "fields": {
    "service": 2,
    "date": "2026-01-24",
    "start_time": "14:30:00",
    "end_time": "15:00:00",
    "is_active": true
  }
},
{
  "model": "bookings.availability",
  "pk": 372,
  "fields": {
    "service": 2,
    "date": "2026-01-24",
    "start_time": "15:00:00",
    "end_time": "15:30:00",
    "is_active": true
  }
},
{
  "model": "bookings.availability",
  "pk": 373,
  "fields": {
    "service": 2,
    "date": "2026-01-24",
    "start_time": "15:30:00",
    "end_time": "16:00:00",
    "is_active": true
  }
},
{
  "model": "bookings.availability",
  "pk": 374,
  "fields": {
    "service": 2,
    "date": "2026-01-24",
    "start_time": "16:00:00",
    "end_time": "16:30:00",
    "is_active": true
  }
},
{
  "model": "bookings.availability",
  "pk": 375,
  "fields": {
    "service": 2,
    "date": "2026-01-24",
    "start_time": "16:30:00",
    "end_time": "17:00:00",
    "is_active": true
  }
},
{
  "model": "bookings.booking",
  "pk": 46,
  "fields": {
    "date": null,
    "start_time": null,
    "end_time": null,
    "user": 2,
    "service": 3,
    "availability": null,
    "status": "CANCELLED",
    "notes": ""
  }
},
{
  "model": "bookings.booking",
  "pk": 47,
  "fields": {
    "date": null,
    "start_time": null,
    "end_time": null,
    "user": 1,
    "service": 3,
    "availability": null,
    "status": "CANCELLED",
    "notes": ""
  }
},
{
  "model": "bookings.booking",
  "pk": 48,
  "fields": {
    "date": null,
    "start_time": null,
    "end_time": null,
    "user": 1,
    "service": 3,
    "availability": null,
    "status": "CANCELLED",
    "notes": ""
  }
},
{
  "model": "bookings.booking",
  "pk": 49,
  "fields": {
    "date": "2026-01-14",
    "start_time": "10:00:00",
    "end_time": "10:30:00",
    "user": 1,
    "service": 2,
    "availability": 218,
    "status": "CONFIRMED",
    "notes": ""
  }
},
{
  "model": "bookings.booking",
  "pk": 50,
  "fields": {
    "date": "2026-01-14",
    "start_time": "09:00:00",
    "end_time": "09:30:00",
    "user": 1,
    "service": 3,
    "availability": null,
    "status": "CANCELLED",
    "notes": ""
  }
},
{
  "model": "bookings.booking",
  "pk": 51,
  "fields": {
    "date": "2026-01-14",
    "start_time": "09:30:00",
    "end_time": "10:00:00",
    "user": 2,
    "service": 2,
    "availability": 217,
    "status": "CONFIRMED",
    "notes": ""
  }
},
{
  "model": "bookings.booking",
  "pk": 52,
  "fields": {
    "date": "2026-01-14",
    "start_time": "10:30:00",
    "end_time": "11:00:00",
    "user": 3,
    "service": 2,
    "availability": 219,
    "status": "CONFIRMED",
    "notes": ""
  }
},
{
  "model": "bookings.booking",
  "pk": 53,
  "fields": {
    "date": "2026-01-14",
    "start_time": "16:30:00",
    "end_time": "17:00:00",
    "user": 4,
    "service": 2,
    "availability": 231,
    "status": "CONFIRMED",
    "notes": ""
  }
},
{
  "model": "bookings.booking",
  "pk": 54,
  "fields": {
    "date": "2026-01-16",
    "start_time": "09:00:00",
    "end_time": "09:30:00",
    "user": 1,
    "service": 2,
    "availability": null,
    "status": "CANCELLED",
    "notes": ""
  }
},
{
  "model": "bookings.booking",
  "pk": 55,
  "fields": {
    "date": "2026-01-16",
    "start_time": "09:00:00",
    "end_time": "09:30:00",
    "user": 1,
    "service": 2,
    "availability": null,
    "status": "CANCELLED",
    "notes": ""
  }
},
{
  "model": "bookings.booking",
  "pk": 56,
  "fields": {
    "date": "2026-01-16",
    "start_time": "09:30:00",
    "end_time": "10:00:00",
    "user": 2,
    "service": 2,
    "availability": null,
    "status": "CANCELLED",
    "notes": ""
  }
},
{
  "model": "bookings.booking",
  "pk": 57,
  "fields": {
    "date": "2026-01-16",
    "start_time": "12:30:00",
    "end_time": "13:00:00",
    "user": 2,
    "service": 2,
    "availability": null,
    "status": "CANCELLED",
    "notes": ""
  }
},
{
  "model": "bookings.booking",
  "pk": 58,
  "fields": {
    "date": "2026-01-16",
    "start_time": "09:30:00",
    "end_time": "10:00:00",
    "user": 1,
    "service": 2,
    "availability": null,
    "status": "CANCELLED",
    "notes": ""
  }
},
{
  "model": "bookings.booking",
  "pk": 59,
  "fields": {
    "date": "2026-01-17",
    "start_time": "09:00:00",
    "end_time": "09:30:00",
    "user": 1,
    "service": 3,
    "availability": null,
    "status": "CANCELLED",
    "notes": ""
  }
},
{
  "model": "bookings.booking",
  "pk": 60,
  "fields": {
    "date": "2026-01-17",
    "start_time": "09:00:00",
    "end_time": "09:30:00",
    "user": 1,
    "service": 3,
    "availability": null,
    "status": "CANCELLED",
    "notes": ""
  }
},
{
  "model": "bookings.booking",
  "pk": 61,
  "fields": {
    "date": "2026-01-17",
    "start_time": "09:00:00",
    "end_time": "09:30:00",
    "user": 1,
    "service": 2,
    "availability": 344,
    "status": "CONFIRMED",
    "notes": ""
  }
},
{
  "model": "bookings.booking",
  "pk": 62,
  "fields": {
    "date": "2026-01-17",
    "start_time": "10:00:00",
    "end_time": "10:30:00",
    "user": 1,
    "service": 3,
    "availability": 330,
    "status": "CONFIRMED",
    "notes": ""
  }
}
]

